{"cameraMode":{"drawMode":0,"name":"Shaded","section":"Shading Mode"},"sceneLighting":true,"audioPlay":false,"sceneViewState":{"m_AlwaysRefresh":false,"showFog":true,"showSkybox":true,"showFlares":true,"showImageEffects":true,"showParticleSystems":true,"showVisualEffectGraphs":true,"m_FxEnabled":true},"in2DMode":false,"pivot":{"x":-0.1567349135875702,"y":-0.9721729755401611,"z":4.01737117767334},"rotation":{"x":-0.18896915018558503,"y":-0.08475034683942795,"z":0.016280876472592355,"w":-0.9782660007476807},"size":7.054231643676758,"orthographic":false}