{"cameraMode":{"drawMode":0,"name":"Shaded","section":"Shading Mode"},"sceneLighting":false,"audioPlay":false,"sceneViewState":{"m_AlwaysRefresh":false,"showFog":false,"showSkybox":false,"showFlares":false,"showImageEffects":false,"showParticleSystems":false,"showVisualEffectGraphs":true,"m_FxEnabled":true},"in2DMode":false,"pivot":{"x":-0.0000489354133605957,"y":0.8936522006988525,"z":0.02567341923713684},"rotation":{"x":0.0034748343750834467,"y":-0.9962800145149231,"z":0.07185517251491547,"w":0.048154376447200778},"size":0.8804784417152405,"orthographic":false}