{"cameraMode":{"drawMode":0,"name":"Shaded","section":"Shading Mode"},"sceneLighting":false,"audioPlay":false,"sceneViewState":{"m_AlwaysRefresh":false,"showFog":false,"showSkybox":false,"showFlares":false,"showImageEffects":false,"showParticleSystems":false,"showVisualEffectGraphs":true,"m_FxEnabled":true},"in2DMode":false,"pivot":{"x":-0.3135376572608948,"y":-0.0003000491124112159,"z":0.03037744201719761},"rotation":{"x":-0.1563514620065689,"y":-0.3271169364452362,"z":0.054985880851745608,"w":-0.9303903579711914},"size":0.27397772669792178,"orthographic":false}